ResearchAxis,Topic
"Instruments, Devices and Systems (RA1)",New Interfaces for Musical Expression
"Instruments, Devices and Systems (RA1)",Musical Acoustics & Instruments
"Instruments, Devices and Systems (RA1)",Audio Processing
"Instruments, Devices and Systems (RA1)",Room Acoustics
"Instruments, Devices and Systems (RA1)",Computer Music Systems
Music Information Research (RA2),Music Information Retrieval
Music Information Research (RA2),Audio Processing
Music Information Research (RA2),Music Theory
Music Information Research (RA2),Musicology
Music Information Research (RA2),Computer Music Systems
"Cognition, Perception and Movement (RA3)",Movement
"Cognition, Perception and Movement (RA3)",Perception & Cognition
"Cognition, Perception and Movement (RA3)",Neuroscience
"Cognition, Perception and Movement (RA3)",Music Theory
"Cognition, Perception and Movement (RA3)",Music Performance & Education
"Cognition, Perception and Movement (RA3)",Composition
Expanded Musical Practice (RA4),Composition
Expanded Musical Practice (RA4),Music Performance & Education
Expanded Musical Practice (RA4),Computer Music Systems
Expanded Musical Practice (RA4),Music Production
Expanded Musical Practice (RA4),Musicology
Expanded Musical Practice (RA4),Perception & Cognition
